analysis	n_permutations	true_top_score	perm_pval	perm_mean	perm_sd	perm_95pct
permutation_null	1000	0.776989297871276	0.001	0.532269592359127	0.0333552196976288	0.595800767863528
