analysis	n_permutations	true_top_score	perm_pval	perm_mean	perm_sd	perm_95pct
permutation_null	1000	0.776995372350667	0.001	0.532278556262411	0.0333542334793094	0.59580108430764
