analysis	n_permutations	true_top_score	perm_pval	perm_mean	perm_sd	perm_95pct
permutation_null	1000	0.754547448920424	0.001	0.532231346715291	0.0331229343489727	0.59566491318291
