analysis	n_permutations	true_top_score	perm_pval	perm_mean	perm_sd	perm_95pct
permutation_null	1000	0.776995372350667	0.001	0.541651076832548	0.0372856576391638	0.616531548076576
