analysis	n_permutations	true_top_score	perm_pval	perm_mean	perm_sd	perm_95pct
permutation_null	1000	0.754547448920424	0.001	0.53198775211625	0.0331016554867778	0.59566491318291
